Cell line,Tissue,IC50
NCIH187,lung_SCLC,73.7899098972794
NCIH1304,lung_SCLC,87.12326892354254
EHEB,lymphoma,7.291446873074179
CMK,leukemia,7.179322361607543
RH18,soft_tissue,18.873088151157333
PCI38,aero_dig_tract,0.4954335703959598
SC1,lymphoma,2.4377707630558287
PFSK1,nervous_system,70.49825797933791
A673,soft_tissue,9.205609255985872
ES5,bone,15.56273072783494
ES7,bone,4.837006317895953
EW11,bone,33.67335931663705
SKES1,bone,4.916613595874307
COLO829,skin,30.310676191219564
5637,urogenital_system,69.81814967743796
RT4,urogenital_system,35.107753376649924
SW780,urogenital_system,37.54822099035258
TCCSUP,urogenital_system,268.0479815177757
C33A,urogenital_system,23.648862109092665
C4I,urogenital_system,128.6335931889487
ME180,urogenital_system,134.2139273897048
42MGBA,nervous_system,104.53249709006704
8MGBA,nervous_system,31.053111105667664
A172,nervous_system,14.564368032368755
GB1,nervous_system,83.84526359240309
T98G,nervous_system,72.70069904734108
U118MG,nervous_system,43.80386256895408
U87MG,nervous_system,30.679233730578378
YKG1,nervous_system,22.166984561252466
CHAGOK1,lung_NSCLC,95.39288548076368
NCIH720,lung_NSCLC,108.03648563216586
CALU3,lung_NSCLC,218.06757678371758
CORL23,lung_NSCLC,54.12677606942588
LK2,lung_NSCLC,181.08454107836948
NCIH1437,lung_NSCLC,6.275969656424299
NCIH1623,lung_NSCLC,82.67208502448968
NCIH1648,lung_NSCLC,8.63278357984828
NCIH1650,lung_NSCLC,206.03272182790124
NCIH1693,lung_NSCLC,70.97331774500431
NCIH1770,lung_NSCLC,49.6111198932542
NCIH1838,lung_NSCLC,497.2679422304241
NCIH2085,lung_NSCLC,187.61894169526263
NCIH2170,lung_NSCLC,23.193034580639242
NCIH2228,lung_NSCLC,105.41458456325978
NCIH2342,lung_NSCLC,213.922970652017
NCIH2347,lung_NSCLC,349.7784660707904
NCIH2405,lung_NSCLC,346.7139193514482
NCIH661,lung_NSCLC,244.00287304537338
CORL311,lung_SCLC,83.62085912227896
DMS114,lung_SCLC,108.92003618262454
DMS273,lung_SCLC,43.26634149284727
NCIH1048,lung_SCLC,119.68305017628022
NCIH1092,lung_SCLC,188.05472295078965
NCIH1694,lung_SCLC,154.2964882693081
NCIH1963,lung_SCLC,65.37454745064127
NCIH2029,lung_SCLC,123.3370682968996
NCIH209,lung_SCLC,10.935364643181964
NCIH2141,lung_SCLC,429.47090604370317
NCIH2171,lung_SCLC,30.629542977936925
NCIH2227,lung_SCLC,215.81595839060503
NCIH345,lung_SCLC,114.38626379334335
NCIH446,lung_SCLC,64.180215922311
NCIH526,lung_SCLC,75.7114951271198
NCIH64,lung_SCLC,71.73458583556103
NCIH69,lung_SCLC,17.76577760043019
NCIH82,lung_SCLC,20.71692501984854
NCIH2052,lung,109.14966349151042
SKNDZ,neuroblastoma,7.8913403498082255
SKNFI,neuroblastoma,12.670747623857094
VAESBJ,soft_tissue,26.59065930044501
VMRCLCD,lung_NSCLC,48.839675252075764
LU139,lung_SCLC,71.43879006181082
SBC5,lung_SCLC,22.424699328852213
SBC1,lung_SCLC,94.21656355099168
LU135,lung_SCLC,42.23300397125322
SKNSH,neuroblastoma,52.42460278839474
NCIH2030,lung_NSCLC,15.578721862334467
NCIH2122,lung_NSCLC,11.337898911952502
NCIH1734,lung_NSCLC,22.788453904606122
NCIH650,lung_NSCLC,124.09519838956243
T24,urogenital_system,68.28949855021503
NCIH929,myeloma,7.912058593953873
SKNAS,neuroblastoma,13.842879708928058
NCIH1299,lung_NSCLC,18.19669528776113
NCIH2087,lung_NSCLC,78.95325748880504
UMUC3,urogenital_system,111.76114946324365
SW756,urogenital_system,407.33095000713496
NCIH727,lung_NSCLC,27.05446347505288
CALU6,lung_NSCLC,13.430832544317209
LU65,lung_NSCLC,147.3677259178924
NCIH1355,lung_NSCLC,49.034787735579975
NCIH1792,lung_NSCLC,6.980398452287881
HPAFII,pancreas,322.9049475878344
MIAPACA2,pancreas,38.69099942542457
SHP77,lung_SCLC,13.02454950378726
NCIH2009,lung_NSCLC,204.9085946605786
NCIH2291,lung_NSCLC,45.19050507232861
SW1573,lung_NSCLC,83.19456323842225
TE5,aero_dig_tract,86.10306423008515
HCC1954,breast,158.2284698076501
HCC1143,breast,117.08884434372158
HCC1187,breast,72.6834710232684
HCC1395,breast,30.387641616951367
HCC1599,breast,87.34589145135809
HCC1937,breast,330.40295985314737
HCC2157,breast,86.78527808797769
HCC2218,breast,7.589350389017739
HCC38,breast,207.44889081368726
BB30HNC,aero_dig_tract,32.40818453490556
BB49HNC,aero_dig_tract,3.250162515952812
BB65RCC,kidney,77.13930938563597
BEN,lung_NSCLC,6.098964483709378
BHY,aero_dig_tract,141.0282182799587
CA922,aero_dig_tract,45.3826103620942
CADOES1,bone,10.098470734929665
CAL12T,lung_NSCLC,48.88218425828151
CAL33,aero_dig_tract,40.5349271003135
CP50MELB,skin,11.4179422531307
CP66MEL,skin,12.703277105739438
CPCN,lung_SCLC,33.72475036530984
CTV1,leukemia,3.4412610895331257
D542MG,nervous_system,189.8007808054339
DMS79,lung_SCLC,43.14959363551828
DSH1,urogenital_system,17.868207207644407
EBC1,lung_NSCLC,23.09155577888071
ECGI10,aero_dig_tract,106.40557796324312
EPLC272H,lung_NSCLC,148.3250278636389
HA7RCC,kidney,110.52812351243271
HCE4,aero_dig_tract,11.213932741977292
HO1U1,aero_dig_tract,9.539098651292583
HSC2,aero_dig_tract,21.657698929769012
IM9,myeloma,6.806526967607959
ISTSL1,lung_SCLC,37.5730109960082
ISTSL2,lung_SCLC,24.245353723618194
J82,urogenital_system,381.5038719682476
KNS62,lung_NSCLC,31.668104273104323
KOSC2,aero_dig_tract,52.78927262028389
KP4,pancreas,11.334792753213806
KYSE140,aero_dig_tract,68.29359604305162
KYSE410,aero_dig_tract,279.6620751932103
KYSE520,aero_dig_tract,396.55351482487146
KYSE70,aero_dig_tract,171.77474561564668
LB1047RCC,kidney,12.811253956580481
LB2241RCC,kidney,13.09491517139281
LB2518MEL,skin,18.859221527974515
LB373MELD,skin,12.67712261308727
LB647SCLC,lung_SCLC,66.38366385945851
LB771HNC,aero_dig_tract,108.59267979223917
LB831BLC,urogenital_system,93.53633776576233
LB996RCC,kidney,19.56789083151235
LCLC103H,lung_NSCLC,76.8492722351291
LU134A,lung_SCLC,61.65966565214593
LU165,lung_SCLC,589.0087268938654
LXF289,lung_NSCLC,31.490376776547777
MS1,lung_SCLC,53.37833756042857
MZ1PC,pancreas,417.0274304120516
MZ7MEL,skin,13.815580817253291
NCIH1563,lung_NSCLC,100.59011576444566
NCIH292,lung_NSCLC,24.417131583249787
NCIH510A,lung_SCLC,16.589882141701608
NCIH835,lung_NSCLC,15.33885267320228
PC14,lung_NSCLC,44.56362752686236
SBC3,lung_SCLC,6.866263006923458
SKMM2,myeloma,82.51655996118924
TE15,aero_dig_tract,15.385569120538095
U266,myeloma,66.45612795870757
BE2M17,neuroblastoma,23.044543110384595
KELLY,neuroblastoma,24.689770301181984
SIMA,neuroblastoma,46.17894692668833
TE1,aero_dig_tract,251.18682877529312
TE10,aero_dig_tract,75.96160384061902
TE8,aero_dig_tract,66.76146214054826
CAPAN1,pancreas,69.862568144208
OVCAR3,urogenital_system,281.5007185072187
PC3,urogenital_system,368.01842321497963
DU145,urogenital_system,383.7967056385912
HCT116,large_intestine,13.86087329397324
HCT15,large_intestine,12.645684364376907
HL60,leukemia,10.030385139596596
HT29,large_intestine,6.5712560905558925
K562,leukemia,45.71287559941928
NCIH226,lung_NSCLC,179.97860811100986
NCIH23,lung_NSCLC,255.62051975176234
NCIH460,lung_NSCLC,2.9561862247436466
NCIH522,lung_NSCLC,82.78600290002542
T47D,breast,25.389964562780587
MCF7,breast,55.06234011544922
7860,kidney,11.601634577051893
A498,kidney,57.562194112794046
A549,lung_NSCLC,7.468498687275239
ACHN,kidney,2.341774557810209
BT549,breast,125.59469300543897
CCRFCEM,leukemia,2.680885096802853
SKMEL28,skin,7.805627906540434
SKMEL2,skin,186.01866162545468
SKMEL5,skin,38.89738403867432
HS578T,breast,82.84231652646048
MOLT4,leukemia,10.766613462663395
SKOV3,urogenital_system,267.4597265370935
MDAMB231,breast,19.202356387138362
COLO205,large_intestine,5.565745844967609
SW620,large_intestine,12.331673082718527
CAKI1,kidney,6.894941315213638
RPMI8226,myeloma,10.301762529857749
SR,lymphoma,1.182592426175382
NCIH322M,lung_NSCLC,5.104890490671689
IGROV1,urogenital_system,6.9504610812359235
OVCAR5,urogenital_system,20.99646310568969
EKVX,lung_NSCLC,238.4488924633096
HCC2998,large_intestine,26.71876159227864
HOP62,lung_NSCLC,213.46331687700663
HOP92,lung_NSCLC,241.03303529271656
LOXIMVI,skin,8.789079632370084
M14,skin,16.192837259688808
UACC62,skin,25.44512060854779
UACC257,skin,38.94911302836155
RXF393,kidney,10.305131757043634
SN12C,kidney,121.54821313549695
TK10,kidney,71.34890521950412
U031,kidney,8.387051261481577
SNB75,nervous_system,91.02907855192323
U251,nervous_system,29.555918161724584
SF539,nervous_system,57.75148134103864
SF295,nervous_system,21.251787298537437
SF268,nervous_system,133.64847070727393
KM12,large_intestine,1.7630812701511862
OVCAR4,urogenital_system,360.17138946270546
OVCAR8,urogenital_system,61.482156837976255
BXPC3,pancreas,90.82013389876698
BONNA12,leukemia,3.2464529489255236
BHT101,thyroid,28.343507738064194
BECKER,nervous_system,17.90188473926158
BE13,leukemia,3.1459691547660866
ARH77,myeloma,6.433386040287677
AGS,digestive_system,7.095537036531544
ABC1,lung_NSCLC,125.08418617373754
A2058,skin,75.31595513922927
A375,skin,18.26524365220918
A253,aero_dig_tract,206.769573141831
8305C,thyroid,16.63614936066374
647V,urogenital_system,156.50891919224748
639V,urogenital_system,51.91724455432796
697,leukemia,0.21385757989985793
BT20,breast,71.01392609563553
A2780,urogenital_system,2.0954472184081903
CORL105,lung_NSCLC,45.46291778806002
CROAP2,lymphoma,3.667873256671789
CORL88,lung_SCLC,174.97848088655707
COLO824,breast,43.30161793436124
COLO800,skin,89.1207329099435
COLO792,skin,28.42536840071695
COLO680N,aero_dig_tract,205.70765286961725
COLO679,skin,141.42478203182569
CHP212,neuroblastoma,2.989732743611096
CFPAC1,pancreas,42.08982394705365
CASKI,urogenital_system,65.33709856508246
CAOV3,urogenital_system,107.01050422814417
CAL120,breast,414.59079598146883
CAL72,bone,18.752854859509345
CAL62,thyroid,130.19170264776116
C32,skin,102.69495581470406
DAUDI,lymphoma,10.957980460629837
DB,lymphoma,4.421482291779165
DAOY,nervous_system,66.2638168932093
D283MED,nervous_system,1.6719038382496652
DBTRG05MG,nervous_system,841.7566851703798
DEL,lymphoma,3.857329096264142
DETROIT562,aero_dig_tract,29.226914085137157
DG75,lymphoma,1.534241312660659
DKMG,nervous_system,43.02279106295684
DJM1,skin,51.852025576638084
DOHH2,lymphoma,0.41194929812864856
DOTC24510,urogenital_system,148.97924485981738
DU4475,breast,42.3358819702523
EB2,lymphoma,13.131330289813738
EB3,lymphoma,31.353534376292085
ECC10,digestive_system,33.251238016910385
ECC12,digestive_system,67.65058486270189
EFM19,breast,49.52373254346576
EFO27,urogenital_system,90.76865347892466
EM2,leukemia,15.956064876539232
EOL1CELL,leukemia,6.680815092900388
ETK1,digestive_system,16.398698960395055
EVSAT,breast,29.74957957621947
FADU,aero_dig_tract,18.47951830265185
FTC133,thyroid,369.37227100834724
G361,skin,17.374471956565422
GAMG,nervous_system,32.35129334822072
GCIY,digestive_system,128.19659704198682
GDM1,leukemia,3.144113580413036
GI1,nervous_system,115.28104309374984
GIMEN,neuroblastoma,10.338719273032746
GOTO,neuroblastoma,72.91752442184406
GRST,leukemia,1.6143170694056965
GCT,soft_tissue,27.86682741815537
ESS1,urogenital_system,58.120183734925405
H4,nervous_system,6.639840884343897
H9,lymphoma,17.4712207738208
HC1,leukemia,14.024068049957181
HCC1419,breast,46.25048729448949
HCC1569,breast,45.666728903068375
HCC1806,breast,50.165322442715166
HCC70,breast,54.67830429802122
HEC1,urogenital_system,283.89118121530475
HEL,leukemia,3.23300162056333
HGC27,digestive_system,2.6644695642439324
HH,leukemia,11.251697430726285
HLE,digestive_system,62.10546572737993
HMVII,skin,14.225811132448847
HOS,bone,27.93848139529425
HSC3,aero_dig_tract,13.023820149437162
HSC4,aero_dig_tract,341.86024048898076
HT,lymphoma,8.376867182279828
HT1080,soft_tissue,595.9197438331042
HT1197,urogenital_system,160.2426133181739
HT1376,urogenital_system,170.3426505599204
HT144,skin,18.667256504067367
HT3,urogenital_system,195.68162964178927
HUCCT1,digestive_system,43.574059164636886
HUH7,digestive_system,115.33085526302023
HUO9,bone,23.722405943658078
HUTU80,digestive_system,2.8232677763061607
IGR1,skin,17.19335548205597
IMR5,neuroblastoma,3.2507020877136776
IPC298,skin,6.559996044609847
ISTMEL1,skin,117.7764104128166
ISTMES1,lung,38.26639133067305
JAR,urogenital_system,7.069551211291721
JEG3,urogenital_system,80.20308656662107
JIYOYEP2003,lymphoma,1.4436967334106474
JVM2,lymphoma,1.7154303807334719
JVM3,lymphoma,1.510887157761667
KALS1,nervous_system,95.02642397214258
KARPAS45,leukemia,3.3620704851145016
KARPAS299,lymphoma,3.998566812335144
KARPAS422,lymphoma,5.7326276312343705
KASUMI1,leukemia,0.9317860972744761
KATOIII,digestive_system,19.040285043057935
KE37,leukemia,0.8696008201854862
KG1,leukemia,15.734016113086717
KINGS1,nervous_system,52.677899328105156
KMOE2,leukemia,17.498899618331176
KMS12BM,myeloma,3.550367076596891
KNS42,nervous_system,17.6693234934711
HUPT3,pancreas,43.79742387441208
HUPT4,pancreas,124.342393712127
HT55,large_intestine,6.487414050977453
HT115,large_intestine,11.61968915261367
HEMCSS,bone,31.761123168464557
GP5D,large_intestine,18.204230279245884
DMS53,lung_SCLC,30.12604258974005
G402,soft_tissue,4.912254493162621
G401,kidney,1.6448644835447688
KY821,leukemia,1.9748313454541693
KU812,leukemia,4.205368822322082
KU1919,urogenital_system,9.244918044925889
KS1,nervous_system,71.57873266313392
KPNYN,neuroblastoma,29.376998376832073
KYSE150,aero_dig_tract,9.506730296159555
KYSE180,aero_dig_tract,65.1573425860927
KYSE270,aero_dig_tract,98.86329131388764
KYSE450,aero_dig_tract,38.41557590971955
KYSE510,aero_dig_tract,66.92797224497471
L428,lymphoma,16.949104490298325
L540,lymphoma,16.027564160145833
LAMA84,leukemia,3.4954530663417938
LC2AD,lung_NSCLC,23.644582052407735
LC41,leukemia,3.1789692212977707
LNCAPCLONEFGC,urogenital_system,4.369951890465052
LOUCY,leukemia,4.010335886379408
LOVO,large_intestine,3.884607697669239
LP1,myeloma,84.77502644881203
LS123,large_intestine,204.27640434014037
LS411N,large_intestine,30.5873645353346
LS513,large_intestine,3.3377435672004525
LU99A,lung_NSCLC,38.79933083655638
MC116,lymphoma,7.0442733784791765
MCIXC,neuroblastoma,14.920453652844499
MDAMB175VII,breast,109.21047678900634
MDAMB361,breast,18.84966232612226
MDAMB453,breast,11.806721642335127
MDAMB468,breast,97.33153135959712
MELHO,skin,21.36516944443613
MELJUSO,skin,86.48811451101201
MEG01,leukemia,42.459683407739135
MESSA,urogenital_system,13.58503745554978
MEWO,skin,39.61999836486659
MFE280,urogenital_system,318.04185703039644
MFE296,urogenital_system,96.31528221163484
MG63,bone,36.09018699523642
MHHCALL2,leukemia,11.995756952864578
MHHCALL4,leukemia,13.795686902303798
MHHES1,bone,12.877247571826327
MHHNB11,neuroblastoma,35.427947993599936
MHHPREB1,leukemia,3.158622453133778
MKN1,digestive_system,116.91065376035843
MKN28,digestive_system,23.724019122109695
ML2,leukemia,1.0103754556066107
MLMA,leukemia,15.14609889322741
MN60,leukemia,16.673906292576376
MOGGCCM,nervous_system,479.3753968644103
MOGGUVW,nervous_system,7.381405000765332
MOLT13,leukemia,5.256093130930865
MOLT16,leukemia,1.865477402068557
MONOMAC6,leukemia,6.421090736999827
MOT,leukemia,37.946299909599254
MPP89,lung,69.41062820835573
MRKNU1,breast,7.115980290104958
MSTO211H,lung,79.70999613886111
MV411,leukemia,0.4411249986707593
NALM6,leukemia,1.4850226133740005
NAMALWA,lymphoma,6.819955862089199
NB69,neuroblastoma,0.5816513882369734
NCCIT,urogenital_system,22.19373407134581
NCIH508,large_intestine,2.4897019387541084
NCIH520,lung_NSCLC,2.469663730811634
SNU1,,12.12122441647288
SNU5,,33.68999806557209
SNU16,,5.698967396952796
NH12,neuroblastoma,24.152647465724073
NKM1,leukemia,2.2921242323968243
NMCG1,nervous_system,1055.7777731211143
NO11,nervous_system,180.24373170524242
NOMO1,leukemia,9.405390665921633
NO10,nervous_system,61.231392049879396
NTERA2CLD1,,37.2819762719885
NUGC3,digestive_system,35.496460951329645
NCIH747,large_intestine,61.43704549274624
NCIH716,large_intestine,7.941736864383868
NCIH596,lung_NSCLC,472.87732515422516
NCIH441,lung_NSCLC,132.077384893153
NCIN87,digestive_system,55.06118381844794
NCIH2452,lung,23.021763323709713
NCIH1793,lung_NSCLC,419.4095966243887
NCIH358,lung_NSCLC,21.952213999160726
NCIH1155,lung_NSCLC,132.6920460228143
NCIH1105,lung_SCLC,156.71940859683727
NCIH1436,lung_SCLC,85.22493028393592
NCIH28,lung,12.641132737347753
NCIH1581,lung_NSCLC,26.762883939832378
NCIH1573,lung_NSCLC,80.34669831089134
NCIH1666,lung_NSCLC,39.1072941209154
NCIH1703,lung_NSCLC,16.477700796949037
NCIH1755,lung_NSCLC,8.81316829361912
NCIH1993,lung_NSCLC,11.290323145180349
NCIH2081,lung_SCLC,97.22228940072091
NCIH2196,lung_SCLC,230.95433338399965
NCIH524,lung_SCLC,26.399788532827007
NCIH748,lung_SCLC,88.19277115852867
ONS76,nervous_system,24.22502040286489
OPM2,myeloma,5.816763456919729
OSRC2,kidney,115.28357930459617
P12ICHIKAWA,leukemia,0.8422772865587584
P30OHK,leukemia,6.3926570772686935
P31FUJ,leukemia,14.389733486727453
PA1,urogenital_system,11.741305391513606
OCUBM,breast,74.961976126802
OC314,urogenital_system,9.426520060890628
PF382,leukemia,3.362332736840024
RAJI,lymphoma,5.4637261387883065
RCM1,large_intestine,43.446530581660966
RD,soft_tissue,38.93571683775668
REH,leukemia,4.224251139455169
RF48,digestive_system,41.63740825104549
RKO,large_intestine,17.87129867489553
RMGI,urogenital_system,91.41439860276174
RPMI6666,lymphoma,5.083037418821327
RPMI8402,leukemia,0.21418781685793623
RS411,leukemia,1.7638131007226392
RT112,urogenital_system,31.684259125420795
RVH421,skin,124.86847707890169
SAOS2,bone,83.69506372919841
SAS,aero_dig_tract,11.471365801120102
SCC9,aero_dig_tract,114.19688269980486
SCH,digestive_system,11.663683032000714
SF126,nervous_system,49.656385872746
SH4,skin,16.256697862364483
SIGM5,leukemia,0.29338603838656957
SJRH30,soft_tissue,33.47420023900584
SJSA1,bone,30.91037845990509
SKCO1,large_intestine,8.037113489425096
SKHEP1,digestive_system,24.965578097417225
SKLMS1,soft_tissue,59.819578078956134
SKLU1,lung_NSCLC,42.17623876407118
SKM1,leukemia,2.076490065863637
SKMEL1,skin,53.32983869765874
SKMEL3,skin,15.741790637195928
SKMEL24,skin,33.74401269664068
SKMEL30,skin,17.57077481544717
SKMEL31,skin,107.81286578410202
SKMES1,lung_NSCLC,53.3182673781949
SKMG1,nervous_system,68.75599962418588
SKPNDW,bone,40.75391872116969
SKUT1,soft_tissue,121.48526746542885
SNGM,urogenital_system,50.46802664380563
SNU387,digestive_system,56.188044334110245
SNU423,digestive_system,110.30806032807749
SNU449,digestive_system,148.9884818593427
SNUC2B,large_intestine,87.58291984560209
SUDHL1,lymphoma,6.96496791070465
SUPT1,leukemia,5.607309418824639
SW13,kidney,16.682395471191967
SW1088,nervous_system,33.78719890056994
SW1116,large_intestine,318.60815706858335
SW1417,large_intestine,200.78646898214905
SW1463,large_intestine,10.484007491227878
SW1710,urogenital_system,20.780249659254668
SW1783,nervous_system,148.5976027619849
SW48,large_intestine,6.508708178193965
SW626,urogenital_system,141.30221988417242
SW684,soft_tissue,367.7410419097687
SW837,large_intestine,134.80981400237053
SW872,soft_tissue,225.84637240371003
SW948,large_intestine,57.01817062905881
SW962,urogenital_system,102.88552886941791
SW982,soft_tissue,4.241139571518106
T84,large_intestine,137.25547907588248
TALL1,leukemia,0.12831090690793526
TGBC1TKB,digestive_system,211.04766321911006
TGBC11TKB,digestive_system,275.2795150976732
THP1,leukemia,8.555385776368515
TUR,lymphoma,8.371465845065766
TYKNU,urogenital_system,26.80469342547617
U2OS,bone,39.93116113835231
U698M,leukemia,10.666958786596044
UACC893,breast,39.46743888763317
UMC11,lung_NSCLC,18.136400570533635
VMRCRCZ,kidney,573.0809610415406
WM115,skin,74.34035944449961
WSUNHL,lymphoma,1.055840360407905
YAPC,pancreas,108.8700533579525
YH13,nervous_system,18.2954427723278
ZR7530,breast,209.16491336835247
RCC10RGB,kidney,28.81462296140089
KURAMOCHI,urogenital_system,303.51923932316475
KMH2,lymphoma,4.567362934715788
KMH2,thyroid,4.567362934715788
HUO3N1,bone,230.84373274927555
OE19,aero_dig_tract,52.008127268819784
SUPB8,leukemia,0.10940419983658488
NCIH838,lung_NSCLC,2.1275689715503505
RAMOS2G64C10,lymphoma,69.50675902497672
RPMI8866,leukemia,1.3849818017191267
QIMRWIL,leukemia,6.587461042513166
PSN1,pancreas,30.898727443580285
OAW42,urogenital_system,127.91551411284982
OE33,aero_dig_tract,43.007563690324524
CW2,large_intestine,35.54515997484648
CHP126,neuroblastoma,9.632001073327867
CGTHW1,thyroid,36.01119995742775
COLO320HSR,large_intestine,7.8171497029385
ATN1,leukemia,6.476239384483841
CESS,leukemia,6.621129667313025
COLO678,large_intestine,219.24153026153425
COLO684,urogenital_system,78.38236767833129
COLO668,lung_SCLC,52.319335166191365
LN405,nervous_system,237.91250975110518
TGBC24TKB,digestive_system,52.73687889036407
A388,skin,20.270689993140028
BFTC909,kidney,7.528636878551842
C2BBE1,large_intestine,359.30262501246244
SCC25,aero_dig_tract,98.60283364611007
ASPC1,pancreas,1434.6784120818158
CA46,lymphoma,15.560847751339246
AU565,breast,24.7319269987543
BALL1,leukemia,1.1696002222083755
BL41,lymphoma,8.75772352849881
BV173,leukemia,2.9901483453461095
IALM,lung_NSCLC,161.14039441495683
TGW,neuroblastoma,18.10939745599967
AN3CA,urogenital_system,25.48013171400347
A204,soft_tissue,21.799564662814866
NY,bone,126.47479002916172
C3A,digestive_system,14.879002635881141
A427,lung_NSCLC,7.704849994571347
CAL851,breast,41.21869847999161
CHL1,skin,54.472173865060256
RL,lymphoma,2.1831264483315396
NCIH146,lung_SCLC,25.13114717159337
NCIH1651,lung_NSCLC,139.5405165067183
RPMI7951,skin,13.570699227913332
SCC4,aero_dig_tract,154.50678326471393
SNUC1,large_intestine,58.99643391733762
ST486,lymphoma,8.743626194345982
SW1990,pancreas,232.6455382134634
UACC812,breast,48.46316379555157
SCC15,aero_dig_tract,286.58638241158417
CAPAN2,pancreas,196.64734546359375
CAL27,aero_dig_tract,55.315767805912316
BC3,lymphoma,10.42792183126193
BC1,lymphoma,0.262387988104705
A704,kidney,20.160918445944706
A101D,skin,26.651328519306766
769P,kidney,4.525617355497441
2313287,digestive_system,38.42917743091881
A431,skin,14.578837632792533
BFTC905,urogenital_system,5.012596277853273
CAL51,breast,17.25777902849649
SCC3,lymphoma,7.336691560970756
RERFLCMS,lung_NSCLC,45.70227144240999
GAK,skin,15.792655654952165
AM38,nervous_system,25.821616759110245
A4FUK,lymphoma,3.58846667056873
A3KAW,lymphoma,0.780220271349198
DOK,aero_dig_tract,21.878075135796944
CORL279,lung_SCLC,40.8950897160836
CHP134,neuroblastoma,6.919046699832732
NEC8,urogenital_system,55.52658971569506
CAS1,nervous_system,52.18624737876772
ALLPO,leukemia,7.834640571289049
OCIAML2,leukemia,1.2647380175750753
MFM223,breast,30.335177114622134
CMLT1,leukemia,1.003925685395849
CAL54,kidney,2.625617220438224
EFO21,urogenital_system,1860.30363870582
LS1034,large_intestine,27.516009529789418
22RV1,urogenital_system,9.51905900590167
8505C,thyroid,223.5528832144811
BCPAP,thyroid,30.274688488832187
BPH1,urogenital_system,33.39626274968235
CAL148,breast,38.63779722172564
CAL39,urogenital_system,8.327114519906068
CAR1,large_intestine,27.15464178753839
HDLM2,lymphoma,13.831325728829105
HO1N1,aero_dig_tract,12.04964260306341
HTCC3,thyroid,22.069046149283995
KGN,urogenital_system,8.56893110819919
KLE,urogenital_system,346.56070566181484
KNS81FD,nervous_system,156.31465577716352
KPNRTBM1,neuroblastoma,96.71214604493137
K5,thyroid,8.871536449683926
L363,myeloma,11.93919875778956
MDAMB415,breast,42.76388765265138
NCIH250,lung_SCLC,202.34516969567173
NCIH1975,lung_NSCLC,26.85986056754775
SW954,urogenital_system,13.00292068104234
TE441T,soft_tissue,68.43880579921675
MKN7,digestive_system,275.83062505412164
MDAMB157,breast,59.979089911119175
MMACSF,skin,109.83684088669543
MKN45,digestive_system,53.573631639132216
NCIH810,lung_NSCLC,296.02413850426
MFHINO,soft_tissue,43.13112956103606
NOS1,bone,11.715069447197264
PANC0327,pancreas,114.27033490773498
PANC0813,pancreas,259.2614468895315
PANC1005,pancreas,105.65509836285496
RL952,urogenital_system,32.21538070009307
RO82W1,thyroid,159.3805916245029
SIHA,urogenital_system,108.08986884063499
SKGIIIA,urogenital_system,277.98384486342485
TT,aero_dig_tract,42.437313049690346
TT,thyroid,42.437313049690346
VMRCMELG,skin,97.31595956035673
TE9,aero_dig_tract,166.6957009029867
TE11,aero_dig_tract,20.750285383420806
TE6,aero_dig_tract,116.6871007775127
TE12,aero_dig_tract,19.37415574813079
TCYIK,urogenital_system,20.255897789256355
YT,lymphoma,1.401199982707518
BT474,breast,276.44530791369823
OAW28,urogenital_system,173.9768074824784
LCLC97TM1,lung_NSCLC,51.833880543252334
KPNYS,neuroblastoma,6.84915303428788
D245MG,nervous_system,32.31411074496497
D247MG,nervous_system,24.79175157336947
D263MG,nervous_system,21.17781136821909
D336MG,nervous_system,53.73529241091499
D392MG,nervous_system,67.87813737350987
D423MG,nervous_system,32.23068664079876
D502MG,nervous_system,18.387406482744876
D566MG,nervous_system,20.514829194992583
CAMA1,breast,30.460994612392913
CTB1,lymphoma,0.5281647592063728
CAOV4,urogenital_system,82.94883732815461
BT483,breast,5254.13150797602
M059J,nervous_system,207.69029422257628
HAL01,leukemia,0.8421492701406957
OMC1,urogenital_system,111.33837636785658
ES8,bone,5.648533760141284
ES4,bone,119.54896064825489
ES6,bone,13.390961976129656
ES1,bone,1.8419522231310188
EW7,bone,8.251334955135361
EW3,bone,12.627045729312034
EW12,bone,6.435541585644862
EW1,bone,7.784736830297077
EW18,bone,30.698475641836254
EW16,bone,21.16860102366909
EW13,bone,42.53758338093969
EW22,bone,39.610926424017904
EW24,bone,31.378501725342236
LAN6,neuroblastoma,44.01436245117748
NB10,neuroblastoma,13.390346006046173
NB12,neuroblastoma,77.26468540184807
NB6,neuroblastoma,19.02524915783058
NB7,neuroblastoma,45.16809613968744
NB17,neuroblastoma,12.417043441761262
NB5,neuroblastoma,179.09170623819972
NB13,neuroblastoma,44.70270435941118
NB14,neuroblastoma,4.1281484943467985
NB1,neuroblastoma,94.79029209915744
RH1,soft_tissue,22.15114083209932
MZ2MEL,skin,3.6625696821309544
JURKAT,leukemia,4.516873269788288
LS180,large_intestine,6.617575075175087
BICR22,aero_dig_tract,195.06132572123803
BICR78,aero_dig_tract,109.40974906968925
CCK81,large_intestine,21.1557978933872
COLO783,skin,50.02640669927617
EN,urogenital_system,98.27375473510334
ES2,urogenital_system,12.14817557408358
FUOV1,urogenital_system,538.2827609133786
GMEL,skin,5.51611054212793
NCIH2591,,82.95447804087496
NCIH2595,,458.76541454854
NCIH2731,,37.00747798774164
NCIH2803,,25.179823020066024
NCIH2804,,63.03770251441855
NCIH2810,,60.88567954377525
NCIH2869,,70.08943013471422
NCIH290,,15.662510647023618
NCIH3118,,22.319952290758373
NCIH513,,746.472665925442
HARA,lung_NSCLC,6.198188054105107
HCC15,lung_NSCLC,337.20194695536003
HCC366,lung_NSCLC,269.38349599035047
HCC44,lung_NSCLC,43.455785678307656
HCC827,lung_NSCLC,455.7671303425218
HEP3B217,,52.31420812257432
HS633T,soft_tissue,11.263056122930431
HS683,nervous_system,7.074819989320257
HS746T,digestive_system,91.58980808115072
IGR37,skin,45.60516601927928
IHH4,thyroid,28.16302648150118
IM95,digestive_system,24.846179543025464
JHH2,digestive_system,113.57983707536688
JHH4,digestive_system,44.16152787548661
JHH6,digestive_system,119.28158995854743
JHH7,digestive_system,596.990380382119
JHU011,aero_dig_tract,2.979665363248699
JHU022,aero_dig_tract,79.6846523899586
KYM1,soft_tissue,3.114292501132236
KYSE220,aero_dig_tract,239.4584702652746
LN18,nervous_system,74.79275335451491
LN229,nervous_system,339.739110157159
LNZTA3WT4,nervous_system,10.72450167644633
MDAMB436,breast,142.06276968989297
MDST8,large_intestine,9.455125732381958
MFE319,urogenital_system,137.18467351808425
ML1,thyroid,118.00913066629214
MS751,urogenital_system,127.80938828444738
NB(TU)110,neuroblastoma,7.045210329144352
NCIH1836,lung_SCLC,435.99684191125857
NCIH1869,lung_NSCLC,24.588552767940723
NCIH1915,lung_NSCLC,37.04924597562823
NCIH1944,lung_NSCLC,20.569286158000246
NCIH196,lung_SCLC,96.9738156199408
NCIH2023,lung_NSCLC,50.65211565949833
NCIH211,lung_SCLC,3.8242371137476923
NCIH3122,lung_NSCLC,6.2887605473532435
NCIH647,lung_NSCLC,19.280245066120827
NCIH841,lung_SCLC,50.05372857552744
NCIH847,lung_SCLC,15.888681493788297
OSC20,aero_dig_tract,85.8563027079083
OV90,urogenital_system,514.2445857303727
OVISE,urogenital_system,491.67355982963056
OVKATE,urogenital_system,412.090506007483
OVMIU,urogenital_system,404.99592284237434
PATU8988T,pancreas,39.75040381831262
PC3_[JPC3],,26.392951872982664
PCI15A,aero_dig_tract,34.5107199858474
PCI6A,aero_dig_tract,29.160556753099247
PECAPJ15,,47.480970038584175
RERFGC1B,digestive_system,170.31437602677863
RH41,soft_tissue,69.65120493969457
SISO,urogenital_system,220.76615077468392
SKN,urogenital_system,35.48549423933994
SNU398,digestive_system,25.27124024665394
SU8686,pancreas,2263.7160231838643
SUIT2,pancreas,55.344816208548885
SW156,kidney,8.521437097219165
TC71,bone,10.30542030477248
TOV21G,urogenital_system,42.70248007800396
TT2609C02,thyroid,89.12367394265631
VMRCRCW,kidney,280.3152884916681
WM278,skin,345.1254589301639
SUPB15,leukemia,14.079164366521036
H3255,lung_NSCLC,184.60935538316215
451LU,skin,89.95701993624398
OCIAML3,leukemia,2.283976493664005
ASH3,thyroid,80.28324948481188
BICR10,aero_dig_tract,18.955516550344143
BICR31,aero_dig_tract,51.46875888464376
CAL29,urogenital_system,122.04111546919059
CAL78,bone,149.19482467452738
CHSA0011,bone,31.51318406457601
CHSA0108,bone,215.58020041328936
CL11,large_intestine,81.99628980826986
CS1,bone,62.5962267042858
DANG,pancreas,59.418225149059865
EFM192A,breast,49.87271202638091
FU97,digestive_system,18.699765805274396
G292CLONEA141B1,,144.2658820219973
NCIH2369,,85.23089623786174
NCIH2373,,65.91249308864052
NCIH2461,,86.06561754239017
NCIH2722,,253.48737017621178
NCIH2795,,7.048656279461489
NCIH2818,,35.49301796160506
HCC1428,breast,228.39258219508196
HCC202,breast,114.58558373627163
HCC78,lung_NSCLC,134.4952658121852
HDQP1,breast,117.03417661932019
ALLSIL,leukemia,9.720402236771312
AMO1,myeloma,9.439754750499882
CORL303,lung_SCLC,58.903882188205664
CORL95,lung_SCLC,77.07153372445292
DND41,leukemia,8.998851877212806
EJM,myeloma,63.585343774967065
FARAGE,lymphoma,4.2076529576792305
HELA,urogenital_system,47.491749442198945
HPAC,pancreas,169.9700083473526
HS766T,pancreas,154.77740686200934
HS939T,skin,39.14794771539216
HS940T,skin,4.470811787148658
HUH1,digestive_system,55.681613851051
JHH1,digestive_system,190.44986803255313
JHU029,aero_dig_tract,8.347582700463887
JIMT1,breast,123.74673286383978
K2,skin,24.32114167817409
KMH2,lymphoma,56.151253215478114
KMH2,thyroid,56.151253215478114
KMRC1,kidney,74.21008074185656
KMRC20,kidney,77.1942521312149
KON,aero_dig_tract,13.297087150491455
KP1N,pancreas,64.56961860948645
KP2,pancreas,213.85238771852642
KP3,pancreas,54.64452354529276
KYSE50,aero_dig_tract,75.4612289111077
LC1SQ,lung_NSCLC,72.20353457262324
LOUNH91,lung_NSCLC,100.10793961410623
NCIH1435,lung_NSCLC,72.7901759241678
NCIH1568,lung_NSCLC,324.5046935551685
NCIH1688,lung_SCLC,83.59920412420954
NCIH1781,lung_NSCLC,231.05759304783788
NCIH2110,lung_NSCLC,35.891338536785085
NCIH2135,lung_NSCLC,375.6894983624975
NCIH2172,lung_NSCLC,88.65629149032571
NCIH2444,lung_NSCLC,295.3594236603154
NUGC4,digestive_system,194.97298295183424
OCUM1,digestive_system,83.49919574382965
OE21,aero_dig_tract,29.19209635903503
OSC19,aero_dig_tract,52.7238017660297
OVTOKO,urogenital_system,14.885878323260409
PANC0203,pancreas,83.04802043886741
PANC0403,pancreas,7124.472732910407
PATU8902,pancreas,70.03233052040783
PCI30,aero_dig_tract,18.800980072630463
PCI4B,aero_dig_tract,52.48812743878395
PL4,pancreas,190.72183399579944
QGP1,pancreas,36.60240688022893
RERFLCKJ,lung_NSCLC,91.59594480387011
RERFLCSQ1,lung_NSCLC,8.429378124862742
RKN,urogenital_system,430.7530689289195
SAT,aero_dig_tract,16.74207479944076
SCC90,aero_dig_tract,167.08321805378125
SKN3,aero_dig_tract,122.7491693934994
STS0421,soft_tissue,5.583037594216102
SW1271,lung_SCLC,133.42439662415967
TT,aero_dig_tract,9.828172437124739
TT,thyroid,9.828172437124739
TMK1,digestive_system,26.615346885543598
TOV112D,urogenital_system,6.515396055129953
VCAP,urogenital_system,27.18433803705615
WM1552C,skin,34.10060070101991
WM35,skin,73.93601078519961
WM793B,skin,18.50298369702167
GA10,lymphoma,1.5604402609453625
GRANTA519,lymphoma,41.17741802907439
HCC1500,breast,104.93089598327614
HCC33,lung_SCLC,76.25347589829951
YMB1E,breast,94.85856568501035
CHSA8926,bone,132.77035742956105
CORL32,lung_SCLC,39.03032858743896
CORL321,lung,66.86020853720326
HS445,lymphoma,23.214381990756387
HSC39,digestive_system,1.0914673679037226
NB4,leukemia,0.2995808344038298
JEKO1,lymphoma,4.802967711063587
JJN3,myeloma,24.230471645697353
JM1,lymphoma,9.224297174701643
JSC1,lymphoma,2.02591003579301
JURLMK1,leukemia,0.22220342230111687
KARPAS1106P,lymphoma,6.8826723534847165
KARPAS231,leukemia,95.2121919215163
KARPAS620,myeloma,15.142464265665785
KCL22,leukemia,4.61309500767073
KOPN8,leukemia,2.0045588267233856
L1236,lymphoma,16.167870978236664
MDAMB330,breast,121.88658729016447
ME1,leukemia,42.63203645061087
MOLM13,leukemia,0.2434864463051133
MOLM16,leukemia,5.349365736742811
MOLP8,myeloma,8.439702000610618
MYM12,leukemia,23.765572504177925
NCIH1341,lung_SCLC,151.00999097146
NCIH1876,lung_SCLC,140.12529687021504
NCIH2066,lung_SCLC,1066.2733524039425
NCIH660,urogenital_system,30.10390808386396
NK92MI,lymphoma,2.108226346679551
NUDUL1,lymphoma,2.619493556388578
OCIAML5,leukemia,3.971294054902799
OCILY19,lymphoma,1.6109595576497555
OCIM1,leukemia,4.552798050005323
P32ISH,lymphoma,4.210115154781906
PL21,leukemia,1.0924359289523755
PWR1E,urogenital_system,146.35204699158456
RCHACV,leukemia,0.24229700789445943
RCK8,lymphoma,14.069354608055532
ROS50,leukemia,6.937434239245841
SLVL,lymphoma,83.27296944051615
SUDHL10,lymphoma,0.6908469295098073
SUDHL16,lymphoma,2.274829262190593
SUDHL4,lymphoma,3.199687023928135
SUDHL5,lymphoma,3.2728625515523
SUDHL6,lymphoma,2.434747365944807
SUDHL8,lymphoma,14.592548183116456
SUPHD1,lymphoma,87.98057047115738
SUPM2,lymphoma,4.618430829010127
TK,lymphoma,69.19032218324344
VAL,lymphoma,3.4723791742201264
WIL2NS,lymphoma,0.3735505284093838
WSUDLCL2,lymphoma,2.339118151482856
NCIH740,lung_SCLC,136.21397569294564
DOV13,urogenital_system,4.967317718727218
HEY,urogenital_system,32.10815346795911
JHOS2,urogenital_system,106.96802948975908
JHOS3,urogenital_system,194.02654895816505
JHOS4,urogenital_system,32.04300798589626
OV7,urogenital_system,48.718020868071825
OV17R,urogenital_system,40.03599802395232
OV56,urogenital_system,62.94982622737191
OVCA420,urogenital_system,70.75908937478702
OVCA433,urogenital_system,23.327688437365886
OVK18,urogenital_system,102.07613944859406
PEO1,urogenital_system,37.675612430467
UWB1.289,urogenital_system,102.15691361686984
FLO1,aero_dig_tract,19.572470253738434
OACP4C,aero_dig_tract,55.68512190322609
OACM51,aero_dig_tract,6.710711626633094
SKGT2,digestive_system,39.13514842928656
SKGT4,aero_dig_tract,204.88687550068042
ESO26,aero_dig_tract,106.6060218194755
ESO51,aero_dig_tract,169.97748719225328
KYAE1,aero_dig_tract,51.61007988405141
EMCBAC1,lung_NSCLC,126.14978868794347
EMCBAC2,lung_NSCLC,17.383891472824196
TE4,aero_dig_tract,35.54551542822349
UCH2,bone,87.98162624433773
NCC010,kidney,17.420592787873513
NCC021,kidney,21.449878907068953
RCCFG2,kidney,4.922556453861665
RCCJF,kidney,11.594327849129314
RCCJW,kidney,77.97825454995862
RCCER,kidney,8.924434818479604
RCCAB,kidney,26.648237144501728
RCCMF,kidney,29.58069640177667
KMS11,myeloma,11.541428035487302
MM1S,myeloma,34.200354174689174
OCILY7,lymphoma,1.4313127068400453
SNU1040,large_intestine,56.12352134672523
SNU175,large_intestine,2.8345664562488313
SNU283,large_intestine,65.90840664075017
SNU407,large_intestine,24.955494040982423
SNU61,large_intestine,161.78818828293367
SNU81,large_intestine,52.72891622284816
SNUC5,large_intestine,36.00241429653236
DIFI,large_intestine,19.917047035940524
